name	slug
Tenet Industries	tenet_industries
Inth	inth
Light Anchor	light_anchor
StableBrowse	stablebrowse
markup.one	markup_one
Pops	pops
Asendia AI	asendia_ai
flowscope	flowscope
Trellis	trellis
Stonn	stonn
Standard Signal	standard_signal
Pulsent	pulsent
Modern	modern
HEVN	hevn
Chert	chert
General Instinct	general_instinct
Bloom	bloom
Scope	scope
transload	transload
Kimpton AI	kimpton_ai
Kinro	kinro
Prototyping.io	prototyping_io
Pairio	pairio
Matforge	matforge
Regbase	regbase
Complir	complir
Super Rad Company	super_rad_company
Arctic Health	arctic_health
Allowance	allowance
Andustry	andustry
Enjamb	enjamb
KugelAudio	kugelaudio
Nine Fives	nine_fives
Zibra Labs	zibra_labs
Limrun	limrun
AgentPhone	agentphone
AquaShield	aquashield
9 Mothers	9_mothers
Silmaril	silmaril
Lamina Labs	lamina_labs
OpenWork	openwork
Velum Labs	velum_labs
Sidekick	sidekick
Zolvo	zolvo
smol machines	smol_machines
YC (P26) Startup	yc_p26_startup
Gigacatalyst	gigacatalyst
Mount	mount
ReasonBlocks	reasonblocks
RASPIRE	raspire
Humwork	humwork
Mochatrade	mochatrade
Benchspan	benchspan
Dispatch	dispatch
Walter	walter
Kinect	kinect
BioStack Platforms	biostack_platforms
InsForge	insforge
Manicule	manicule
Oddpool	oddpool
qomplement	qomplement
Minicor	minicor
Hub.xyz	hub_xyz
fuchsia	fuchsia
YouArt	youart
tday.com	tday_com
Hedge	hedge
Ornadyne	ornadyne
Synphony	synphony
jo	jo
InLoop Robotics	inloop_robotics
Interfaze	interfaze
RefortifAI	refortifai
Juno	juno
Chronicle Labs	chronicle_labs
BentoLabs AI	bentolabs_ai
Alchemy	alchemy
Astraea	astraea
Fleet	fleet
Gikl	gikl
Sazabi	sazabi
Expanse	expanse
Superset	superset
Klarify	klarify
Arga Labs	arga_labs
Twolabs	twolabs
Netter	netter
Keyframe Labs	keyframe_labs
Ardent	ardent
Callab AI	callab_ai
primitive	primitive
Revnu	revnu
Hyper	hyper
Ontora	ontora
WithAI	withai
Saffron	saffron
Kuli	kuli
Korso	korso
Sherpa	sherpa
Hexa	hexa
Userlens	userlens
HireGlide	hireglide
Smartbase	smartbase
Saudara AI	saudara_ai
Pentagon	pentagon
KelAI Capital Management	kelai_capital_management
Prism	prism
Avea Robotics	avea_robotics
Auxos	auxos
Playabl.ai	playabl_ai
Tasklet	tasklet
Huscarl	huscarl
Runtime	runtime
Lumius	lumius
Taiga	taiga
Memoir	memoir
Klaimee	klaimee
Probe	probe
Andco	andco
Elyra	elyra
GovGuard	govguard
Intelligence Factory	intelligence_factory
Arden	arden
Lab0	lab0
Cignara	cignara
Maquoketa Research	maquoketa_research
Alchemize	alchemize
ANORIA	anoria
Drip	drip
River Markets	river_markets
Arlo Industries	arlo_industries
Harbor	harbor
CentralComs	centralcoms
Datost	datost
Aster	aster
Ara	ara
Foaster	foaster
OpenProse	openprose
Totalis	totalis
Dayjob	dayjob
Amboras	amboras
Framewise Health	framewise_health
Instt	instt
Archer	archer
InstaAgent	instaagent
Stage	stage
Salesgraph	salesgraph
Rudus	rudus
Cohesion	cohesion
Standout	standout
Lightsprint	lightsprint
Gojiberry AI	gojiberry_ai
Wealor	wealor
Eden	eden
Paper Star	paper_star
TesterArmy	testerarmy
Surtr Defense Systems	surtr_defense_systems
Apollo Atomics	apollo_atomics
Memory Store	memory_store
Armature	armature
AICE Power	aice_power
FinalDose	finaldose
Adialante	adialante
Pavoot	pavoot
Arzana	arzana
ProjectX	projectx
Replicas	replicas
